{
  "PR_AUC": 0.34970255568891434,
  "Brier": 0.14671397013596532,
  "ECE": 0.03115267928081315,
  "t_review": 0.10577221430723366,
  "t_urgent": 0.16774933389461172,
  "URGENT_precision": 0.3148148148148148,
  "URGENT_recall": 0.68,
  "URGENT_flag_rate": 0.4263157894736842,
  "REVIEW_precision": 0.2716049382716049,
  "REVIEW_recall": 0.88,
  "REVIEW_flag_rate": 0.6394736842105263
}